{
  "Tea Room" : {
    "transaction" : "Tea Room",
    "sampleCount" : 1000,
    "errorCount" : 0,
    "errorPct" : 0.0,
    "meanResTime" : 222.04900000000032,
    "medianResTime" : 215.0,
    "minResTime" : 62.0,
    "maxResTime" : 630.0,
    "pct1ResTime" : 304.0,
    "pct2ResTime" : 335.89999999999986,
    "pct3ResTime" : 454.0,
    "throughput" : 22.769707181565643,
    "receivedKBytesPerSec" : 150.33788110797394,
    "sentKBytesPerSec" : 24.593062639464456
  },
  "Login Post" : {
    "transaction" : "Login Post",
    "sampleCount" : 1000,
    "errorCount" : 0,
    "errorPct" : 0.0,
    "meanResTime" : 654.4479999999991,
    "medianResTime" : 654.5,
    "minResTime" : 231.0,
    "maxResTime" : 1219.0,
    "pct1ResTime" : 868.8,
    "pct2ResTime" : 941.8499999999998,
    "pct3ResTime" : 1025.99,
    "throughput" : 22.607044355021028,
    "receivedKBytesPerSec" : 192.27026297644346,
    "sentKBytesPerSec" : 37.884461048062576
  },
  "Article Selection" : {
    "transaction" : "Article Selection",
    "sampleCount" : 1000,
    "errorCount" : 0,
    "errorPct" : 0.0,
    "meanResTime" : 207.9339999999999,
    "medianResTime" : 207.0,
    "minResTime" : 49.0,
    "maxResTime" : 683.0,
    "pct1ResTime" : 291.0,
    "pct2ResTime" : 320.0,
    "pct3ResTime" : 360.0,
    "throughput" : 22.932623950832454,
    "receivedKBytesPerSec" : 148.34541118194744,
    "sentKBytesPerSec" : 24.522678931798374
  },
  "Reader" : {
    "transaction" : "Reader",
    "sampleCount" : 1000,
    "errorCount" : 0,
    "errorPct" : 0.0,
    "meanResTime" : 222.24599999999998,
    "medianResTime" : 217.0,
    "minResTime" : 32.0,
    "maxResTime" : 669.0,
    "pct1ResTime" : 314.9,
    "pct2ResTime" : 350.8499999999998,
    "pct3ResTime" : 455.99,
    "throughput" : 22.769707181565643,
    "receivedKBytesPerSec" : 165.10261310852042,
    "sentKBytesPerSec" : 7.493546211120725
  },
  "Landing" : {
    "transaction" : "Landing",
    "sampleCount" : 999,
    "errorCount" : 0,
    "errorPct" : 0.0,
    "meanResTime" : 107.05505505505488,
    "medianResTime" : 93.0,
    "minResTime" : 4.0,
    "maxResTime" : 514.0,
    "pct1ResTime" : 171.0,
    "pct2ResTime" : 235.0,
    "pct3ResTime" : 384.0,
    "throughput" : 22.555372423291413,
    "receivedKBytesPerSec" : 133.65820299270734,
    "sentKBytesPerSec" : 6.543725023142399
  },
  "Login" : {
    "transaction" : "Login",
    "sampleCount" : 1000,
    "errorCount" : 0,
    "errorPct" : 0.0,
    "meanResTime" : 152.66200000000023,
    "medianResTime" : 148.0,
    "minResTime" : 41.0,
    "maxResTime" : 327.0,
    "pct1ResTime" : 220.0,
    "pct2ResTime" : 240.89999999999986,
    "pct3ResTime" : 285.0,
    "throughput" : 22.697353488583232,
    "receivedKBytesPerSec" : 145.4714169390349,
    "sentKBytesPerSec" : 7.3145768078442055
  },
  "Logout-1" : {
    "transaction" : "Logout-1",
    "sampleCount" : 1000,
    "errorCount" : 0,
    "errorPct" : 0.0,
    "meanResTime" : 85.54500000000006,
    "medianResTime" : 82.0,
    "minResTime" : 0.0,
    "maxResTime" : 263.0,
    "pct1ResTime" : 147.0,
    "pct2ResTime" : 156.0,
    "pct3ResTime" : 195.0,
    "throughput" : 23.31219694143976,
    "receivedKBytesPerSec" : 138.1429795318911,
    "sentKBytesPerSec" : 7.216764092223051
  },
  "Logout-0" : {
    "transaction" : "Logout-0",
    "sampleCount" : 1000,
    "errorCount" : 0,
    "errorPct" : 0.0,
    "meanResTime" : 156.64700000000025,
    "medianResTime" : 153.0,
    "minResTime" : 6.0,
    "maxResTime" : 449.0,
    "pct1ResTime" : 228.89999999999998,
    "pct2ResTime" : 257.94999999999993,
    "pct3ResTime" : 309.97,
    "throughput" : 23.254732338030788,
    "receivedKBytesPerSec" : 12.603883249616295,
    "sentKBytesPerSec" : 26.820155167201523
  },
  "Browse" : {
    "transaction" : "Browse",
    "sampleCount" : 1000,
    "errorCount" : 0,
    "errorPct" : 0.0,
    "meanResTime" : 221.25199999999998,
    "medianResTime" : 213.5,
    "minResTime" : 34.0,
    "maxResTime" : 704.0,
    "pct1ResTime" : 302.0,
    "pct2ResTime" : 344.0,
    "pct3ResTime" : 440.6800000000003,
    "throughput" : 22.72830583208328,
    "receivedKBytesPerSec" : 112.73150910268649,
    "sentKBytesPerSec" : 7.346747295331606
  },
  "Edit Article" : {
    "transaction" : "Edit Article",
    "sampleCount" : 1000,
    "errorCount" : 0,
    "errorPct" : 0.0,
    "meanResTime" : 268.9440000000001,
    "medianResTime" : 269.0,
    "minResTime" : 26.0,
    "maxResTime" : 542.0,
    "pct1ResTime" : 379.9,
    "pct2ResTime" : 417.89999999999986,
    "pct3ResTime" : 500.99,
    "throughput" : 22.97160709363227,
    "receivedKBytesPerSec" : 271.1950763231646,
    "sentKBytesPerSec" : 24.564365007350915
  },
  "Conversation Portal" : {
    "transaction" : "Conversation Portal",
    "sampleCount" : 1000,
    "errorCount" : 0,
    "errorPct" : 0.0,
    "meanResTime" : 155.25899999999984,
    "medianResTime" : 150.0,
    "minResTime" : 35.0,
    "maxResTime" : 438.0,
    "pct1ResTime" : 224.0,
    "pct2ResTime" : 250.0,
    "pct3ResTime" : 332.9000000000001,
    "throughput" : 22.75830678197542,
    "receivedKBytesPerSec" : 146.0843266385981,
    "sentKBytesPerSec" : 24.247375682749205
  },
  "Register" : {
    "transaction" : "Register",
    "sampleCount" : 1000,
    "errorCount" : 0,
    "errorPct" : 0.0,
    "meanResTime" : 153.91799999999986,
    "medianResTime" : 147.0,
    "minResTime" : 10.0,
    "maxResTime" : 452.0,
    "pct1ResTime" : 227.0,
    "pct2ResTime" : 252.0,
    "pct3ResTime" : 315.99,
    "throughput" : 23.158869847151458,
    "receivedKBytesPerSec" : 193.84245455071792,
    "sentKBytesPerSec" : 24.85507613478462
  },
  "Total" : {
    "transaction" : "Total",
    "sampleCount" : 21999,
    "errorCount" : 0,
    "errorPct" : 0.0,
    "meanResTime" : 231.76153461521008,
    "medianResTime" : 194.0,
    "minResTime" : 0.0,
    "maxResTime" : 1219.0,
    "pct1ResTime" : 440.0,
    "pct2ResTime" : 573.9000000000015,
    "pct3ResTime" : 789.9900000000016,
    "throughput" : 481.3890894767938,
    "receivedKBytesPerSec" : 3382.780360347054,
    "sentKBytesPerSec" : 413.1715648865402
  },
  "Logout" : {
    "transaction" : "Logout",
    "sampleCount" : 1000,
    "errorCount" : 0,
    "errorPct" : 0.0,
    "meanResTime" : 242.43600000000018,
    "medianResTime" : 240.0,
    "minResTime" : 6.0,
    "maxResTime" : 643.0,
    "pct1ResTime" : 334.0,
    "pct2ResTime" : 351.94999999999993,
    "pct3ResTime" : 453.95000000000005,
    "throughput" : 23.254732338030788,
    "receivedKBytesPerSec" : 150.4063401120878,
    "sentKBytesPerSec" : 34.01912992418957
  },
  "Login Post-1" : {
    "transaction" : "Login Post-1",
    "sampleCount" : 1000,
    "errorCount" : 0,
    "errorPct" : 0.0,
    "meanResTime" : 158.02000000000007,
    "medianResTime" : 147.0,
    "minResTime" : 27.0,
    "maxResTime" : 450.0,
    "pct1ResTime" : 229.79999999999995,
    "pct2ResTime" : 262.0,
    "pct3ResTime" : 374.99,
    "throughput" : 22.768670309653913,
    "receivedKBytesPerSec" : 171.00961264799636,
    "sentKBytesPerSec" : 24.08053705601093
  },
  "Login Post-0" : {
    "transaction" : "Login Post-0",
    "sampleCount" : 1000,
    "errorCount" : 0,
    "errorPct" : 0.0,
    "meanResTime" : 496.1999999999998,
    "medianResTime" : 490.0,
    "minResTime" : 171.0,
    "maxResTime" : 1045.0,
    "pct1ResTime" : 699.8,
    "pct2ResTime" : 765.7499999999997,
    "pct3ResTime" : 880.99,
    "throughput" : 22.648004710784978,
    "receivedKBytesPerSec" : 22.515301558182724,
    "sentKBytesPerSec" : 14.000182599537979
  },
  "Reply" : {
    "transaction" : "Reply",
    "sampleCount" : 1000,
    "errorCount" : 0,
    "errorPct" : 0.0,
    "meanResTime" : 156.85799999999995,
    "medianResTime" : 148.0,
    "minResTime" : 26.0,
    "maxResTime" : 452.0,
    "pct1ResTime" : 233.0,
    "pct2ResTime" : 259.0,
    "pct3ResTime" : 320.98,
    "throughput" : 22.839393385711674,
    "receivedKBytesPerSec" : 161.77160178375664,
    "sentKBytesPerSec" : 24.51220051845423
  },