{
  "Tea Room" : {
    "transaction" : "Tea Room",
    "sampleCount" : 50,
    "errorCount" : 45,
    "errorPct" : 90.0,
    "meanResTime" : 12226.7,
    "medianResTime" : 12080.5,
    "minResTime" : 7265.0,
    "maxResTime" : 16100.0,
    "pct1ResTime" : 16088.7,
    "pct2ResTime" : 16097.45,
    "pct3ResTime" : 16100.0,
    "throughput" : 1.4296743201898607,
    "receivedKBytesPerSec" : 1.6595391444828869,
    "sentKBytesPerSec" : 1.5776679509907643
  },
  "Login Post" : {
    "transaction" : "Login Post",
    "sampleCount" : 50,
    "errorCount" : 5,
    "errorPct" : 10.0,
    "meanResTime" : 6095.639999999999,
    "medianResTime" : 4744.0,
    "minResTime" : 4619.0,
    "maxResTime" : 21913.0,
    "pct1ResTime" : 12239.099999999988,
    "pct2ResTime" : 21426.399999999998,
    "pct3ResTime" : 21913.0,
    "throughput" : 2.269117313365101,
    "receivedKBytesPerSec" : 26.250629325504878,
    "sentKBytesPerSec" : 3.9089091218516
  },
  "Article Selection" : {
    "transaction" : "Article Selection",
    "sampleCount" : 50,
    "errorCount" : 47,
    "errorPct" : 94.0,
    "meanResTime" : 7986.839999999998,
    "medianResTime" : 8116.0,
    "minResTime" : 4069.0,
    "maxResTime" : 10354.0,
    "pct1ResTime" : 8802.4,
    "pct2ResTime" : 9677.399999999996,
    "pct3ResTime" : 10354.0,
    "throughput" : 1.2425756107259127,
    "receivedKBytesPerSec" : 0.9120068139740054,
    "sentKBytesPerSec" : 1.3578536214866175
  },
  "Reader" : {
    "transaction" : "Reader",
    "sampleCount" : 50,
    "errorCount" : 0,
    "errorPct" : 0.0,
    "meanResTime" : 390.8799999999999,
    "medianResTime" : 383.0,
    "minResTime" : 218.0,
    "maxResTime" : 497.0,
    "pct1ResTime" : 485.0,
    "pct2ResTime" : 496.45,
    "pct3ResTime" : 497.0,
    "throughput" : 88.65248226950355,
    "receivedKBytesPerSec" : 1021.898202016844,
    "sentKBytesPerSec" : 31.253462987588655
  },
  "Landing" : {
    "transaction" : "Landing",
    "sampleCount" : 49,
    "errorCount" : 0,
    "errorPct" : 0.0,
    "meanResTime" : 2906.571428571429,
    "medianResTime" : 2325.0,
    "minResTime" : 150.0,
    "maxResTime" : 7088.0,
    "pct1ResTime" : 6299.0,
    "pct2ResTime" : 6739.5,
    "pct3ResTime" : 7088.0,
    "throughput" : 4.93404490987816,
    "receivedKBytesPerSec" : 50.334023512234424,
    "sentKBytesPerSec" : 0.6745764525224046
  },
  "Login" : {
    "transaction" : "Login",
    "sampleCount" : 50,
    "errorCount" : 0,
    "errorPct" : 0.0,
    "meanResTime" : 601.9400000000002,
    "medianResTime" : 616.0,
    "minResTime" : 411.0,
    "maxResTime" : 774.0,
    "pct1ResTime" : 675.0,
    "pct2ResTime" : 724.5999999999997,
    "pct3ResTime" : 774.0,
    "throughput" : 63.61323155216285,
    "receivedKBytesPerSec" : 679.712348918575,
    "sentKBytesPerSec" : 21.9912929389313
  },
  "Logout-1" : {
    "transaction" : "Logout-1",
    "sampleCount" : 4,
    "errorCount" : 0,
    "errorPct" : 0.0,
    "meanResTime" : 38.0,
    "medianResTime" : 37.0,
    "minResTime" : 32.0,
    "maxResTime" : 46.0,
    "pct1ResTime" : 46.0,
    "pct2ResTime" : 46.0,
    "pct3ResTime" : 46.0,
    "throughput" : 22.857142857142858,
    "receivedKBytesPerSec" : 233.28125000000003,
    "sentKBytesPerSec" : 7.611607142857143
  },
  "Logout-0" : {
    "transaction" : "Logout-0",
    "sampleCount" : 4,
    "errorCount" : 0,
    "errorPct" : 0.0,
    "meanResTime" : 69.5,
    "medianResTime" : 67.0,
    "minResTime" : 54.0,
    "maxResTime" : 90.0,
    "pct1ResTime" : 90.0,
    "pct2ResTime" : 90.0,
    "pct3ResTime" : 90.0,
    "throughput" : 18.18181818181818,
    "receivedKBytesPerSec" : 11.843039772727273,
    "sentKBytesPerSec" : 21.39559659090909
  },
  "Browse" : {
    "transaction" : "Browse",
    "sampleCount" : 50,
    "errorCount" : 0,
    "errorPct" : 0.0,
    "meanResTime" : 6076.700000000002,
    "medianResTime" : 6066.0,
    "minResTime" : 5977.0,
    "maxResTime" : 6176.0,
    "pct1ResTime" : 6148.6,
    "pct2ResTime" : 6163.0,
    "pct3ResTime" : 6176.0,
    "throughput" : 8.061915511125443,
    "receivedKBytesPerSec" : 74.4573008202999,
    "sentKBytesPerSec" : 2.7949023500483716
  },
  "Edit Article" : {
    "transaction" : "Edit Article",
    "sampleCount" : 50,
    "errorCount" : 46,
    "errorPct" : 92.0,
    "meanResTime" : 7868.26,
    "medianResTime" : 8076.5,
    "minResTime" : 66.0,
    "maxResTime" : 10854.0,
    "pct1ResTime" : 9555.8,
    "pct2ResTime" : 10115.55,
    "pct3ResTime" : 10854.0,
    "throughput" : 1.3179745367319502,
    "receivedKBytesPerSec" : 1.8101041694124471,
    "sentKBytesPerSec" : 1.4402475650420434
  },
  "Conversation Portal" : {
    "transaction" : "Conversation Portal",
    "sampleCount" : 50,
    "errorCount" : 20,
    "errorPct" : 40.0,
    "meanResTime" : 3846.7999999999993,
    "medianResTime" : 403.0,
    "minResTime" : 317.0,
    "maxResTime" : 12080.0,
    "pct1ResTime" : 8402.9,
    "pct2ResTime" : 9533.899999999996,
    "pct3ResTime" : 12080.0,
    "throughput" : 1.8358729575913346,
    "receivedKBytesPerSec" : 11.416906668808519,
    "sentKBytesPerSec" : 1.9990218239397834
  },
  "Register" : {
    "transaction" : "Register",
    "sampleCount" : 50,
    "errorCount" : 38,
    "errorPct" : 76.0,
    "meanResTime" : 7021.540000000001,
    "medianResTime" : 8058.0,
    "minResTime" : 51.0,
    "maxResTime" : 8708.0,
    "pct1ResTime" : 8496.6,
    "pct2ResTime" : 8591.65,
    "pct3ResTime" : 8708.0,
    "throughput" : 1.3154779131258387,
    "receivedKBytesPerSec" : 4.048331891788787,
    "sentKBytesPerSec" : 1.442657906679997
  },
  "Total" : {
    "transaction" : "Total",
    "sampleCount" : 1007,
    "errorCount" : 469,
    "errorPct" : 46.573982,
    "meanResTime" : 5552.694141012909,
    "medianResTime" : 6138.0,
    "minResTime" : 32.0,
    "maxResTime" : 21913.0,
    "pct1ResTime" : 8658.800000000001,
    "pct2ResTime" : 10310.79999999999,
    "pct3ResTime" : 16083.84,
    "throughput" : 7.671737987673414,
    "receivedKBytesPerSec" : 42.04518157049695,
    "sentKBytesPerSec" : 6.62524831252238
  },
  "Logout" : {
    "transaction" : "Logout",
    "sampleCount" : 50,
    "errorCount" : 46,
    "errorPct" : 92.0,
    "meanResTime" : 7472.52,
    "medianResTime" : 8199.0,
    "minResTime" : 87.0,
    "maxResTime" : 8805.0,
    "pct1ResTime" : 8562.6,
    "pct2ResTime" : 8727.0,
    "pct3ResTime" : 8805.0,
    "throughput" : 1.1914690813773383,
    "receivedKBytesPerSec" : 1.153723713213392,
    "sentKBytesPerSec" : 1.4338120308590492
  },
  "Login Post-1" : {
    "transaction" : "Login Post-1",
    "sampleCount" : 50,
    "errorCount" : 5,
    "errorPct" : 10.0,
    "meanResTime" : 1086.5,
    "medianResTime" : 271.0,
    "minResTime" : 207.0,
    "maxResTime" : 8719.0,
    "pct1ResTime" : 7352.399999999989,
    "pct2ResTime" : 8501.399999999998,
    "pct3ResTime" : 8719.0,
    "throughput" : 2.8681236734928013,
    "receivedKBytesPerSec" : 30.015306369385648,
    "sentKBytesPerSec" : 3.100598541559112
  },
  "Login Post-0" : {
    "transaction" : "Login Post-0",
    "sampleCount" : 50,
    "errorCount" : 0,
    "errorPct" : 0.0,
    "meanResTime" : 5008.78,
    "medianResTime" : 4476.0,
    "minResTime" : 4393.0,
    "maxResTime" : 13195.0,
    "pct1ResTime" : 4703.6,
    "pct2ResTime" : 13047.1,
    "pct3ResTime" : 13195.0,
    "throughput" : 3.7545993842457013,
    "receivedKBytesPerSec" : 4.143259086130509,
    "sentKBytesPerSec" : 2.4089568314935796
  },
  "Reply" : {
    "transaction" : "Reply",
    "sampleCount" : 50,
    "errorCount" : 35,
    "errorPct" : 70.0,
    "meanResTime" : 7453.080000000001,
    "medianResTime" : 8169.5,
    "minResTime" : 137.0,
    "maxResTime" : 15949.0,
    "pct1ResTime" : 11720.599999999999,
    "pct2ResTime" : 15942.25,
    "pct3ResTime" : 15949.0,
    "throughput" : 1.43204926249463,
    "receivedKBytesPerSec" : 4.9156769117857655,
    "sentKBytesPerSec" : 1.570499337677216
  },
  "Contribute" : {
    "transaction" : "Contribute",
    "sampleCount" : 50,
    "errorCount" : 44,